term	df	SumsOfSqs	MeanSqs	F.Model	R2	p.value
PlotPosition_LeftRight	1	1.67878819888154	1.67878819888154	12.217477766465	0.189165617601083	0.001
PlotPosition_TopBottom	1	1.00017084481392	1.00017084481392	7.27880090372428	0.112699109805437	0.001
Timepoint	1	0.438827974621573	0.438827974621573	3.19359584896644	0.0494470743213627	0.002
WaterTreatment	1	0.535381433853463	0.535381433853463	3.8962692071821	0.0603267044970394	0.001
Residuals	38	5.22153203606415	0.137408737791162	NA	0.588361493775078	NA
Total	42	8.87470048823464	NA	NA	1	NA
