term	df	SumsOfSqs	MeanSqs	F.Model	R2	p.value
PlotPosition_LeftRight	1	0.258783620561597	0.258783620561597	3.17566543186049	0.0615428865631478	0.001
PlotPosition_TopBottom	1	0.163276681199403	0.163276681199403	2.00365120168194	0.0388298078821812	0.008
Timepoint	1	0.505390055820086	0.505390055820086	6.20189842923954	0.120189843576577	0.001
WaterTreatment	1	0.0993877605148852	0.0993877605148852	1.21963776042782	0.0236360000600462	0.144
Residuals	39	3.17809335348953	0.0814895731663983	NA	0.755801461918048	NA
Total	43	4.2049314715855	NA	NA	1	NA
